{"schema_version": "v1", "name_for_human": "NubemFlow Exportador", "name_for_model": "generarZipProyecto", "description_for_human": "Genera un ZIP con los entregables del proyecto NubemFlow.", "description_for_model": "Usa esta acción para generar un archivo ZIP con los elementos clave de un proyecto en NubemFlow.", "auth": {"type": "none"}, "api": {"type": "openapi", "url": "https://REGION-PROYECTO.cloudfunctions.net/openapi/generar_zip_proyecto.yaml", "is_user_authenticated": False}, "logo_url": "https://nubemflow.com/logo.png", "contact_email": "david.anguera@nubemsystems.es", "legal_info_url": "https://nubemflow.com/legal"}