{
  "nombre_proyecto": "Residencia Universitaria UB Campus Bellvitge",
  "ubicacion": "L'Hospitalet de Llobregat, Barcelona",
  "cliente": "Universitat de Barcelona",
  "objetivo": "Construcci\u00f3n de una residencia universitaria con 120 habitaciones y zonas comunes, bajo criterios de sostenibilidad y eficiencia energ\u00e9tica.",
  "fases": [
    "Viabilidad",
    "Anteproyecto",
    "Proyecto Ejecutivo",
    "Ejecuci\u00f3n",
    "Entrega",
    "Legalizaci\u00f3n"
  ],
  "equipo": [
    {
      "nombre": "David Anguera",
      "rol": "PM",
      "empresa": "NubemSystems"
    },
    {
      "nombre": "Maria L\u00f3pez",
      "rol": "Arquitecta",
      "empresa": "Estudio ArkTech"
    },
    {
      "nombre": "Carlos Puig",
      "rol": "Ingeniero estructural",
      "empresa": "INGESTEC"
    },
    {
      "nombre": "Laura Medina",
      "rol": "Coordinadora BIM",
      "empresa": "BIMTech Soluciones"
    },
    {
      "nombre": "Javier Torres",
      "rol": "Supervisor de obra",
      "empresa": "NubemSystems"
    }
  ],
  "herramientas": [
    "Revit",
    "BIM 360",
    "AutoCAD",
    "JIRA",
    "Confluence",
    "MS Project"
  ],
  "clasificacion": "Comercial"
}